{
	"IcoMoonType": "selection",
	"icons": [
		{
			"icon": {
				"paths": [
					"M316 334l196 196 196-196 60 60-256 256-256-256z"
				],
				"attrs": [],
				"isMulticolor": false,
				"tags": [
					"keyboard_arrow_down"
				],
				"defaultCode": 58131,
				"grid": 24
			},
			"attrs": [],
			"properties": {
				"order": 54,
				"ligatures": "keyboard_arrow_down",
				"prevSize": 24,
				"name": "keyboard_arrow_down",
				"id": 303,
				"code": 58131
			},
			"setIdx": 0,
			"setId": 5,
			"iconIdx": 303
		},
		{
			"icon": {
				"paths": [
					"M658 686l-60 60-256-256 256-256 60 60-196 196z"
				],
				"attrs": [],
				"isMulticolor": false,
				"tags": [
					"keyboard_arrow_left"
				],
				"defaultCode": 58132,
				"grid": 24
			},
			"attrs": [],
			"properties": {
				"order": 52,
				"ligatures": "keyboard_arrow_left",
				"prevSize": 24,
				"name": "keyboard_arrow_left",
				"id": 304,
				"code": 58132
			},
			"setIdx": 0,
			"setId": 5,
			"iconIdx": 304
		},
		{
			"icon": {
				"paths": [
					"M366 698l196-196-196-196 60-60 256 256-256 256z"
				],
				"attrs": [],
				"isMulticolor": false,
				"tags": [
					"keyboard_arrow_right"
				],
				"defaultCode": 58133,
				"grid": 24
			},
			"attrs": [],
			"properties": {
				"order": 53,
				"ligatures": "keyboard_arrow_right",
				"prevSize": 24,
				"name": "keyboard_arrow_right",
				"id": 305,
				"code": 58133
			},
			"setIdx": 0,
			"setId": 5,
			"iconIdx": 305
		},
		{
			"icon": {
				"paths": [
					"M316 658l-60-60 256-256 256 256-60 60-196-196z"
				],
				"attrs": [],
				"isMulticolor": false,
				"tags": [
					"keyboard_arrow_up"
				],
				"defaultCode": 58134,
				"grid": 24
			},
			"attrs": [],
			"properties": {
				"order": 55,
				"ligatures": "keyboard_arrow_up",
				"prevSize": 24,
				"name": "keyboard_arrow_up",
				"id": 306,
				"code": 58134
			},
			"setIdx": 0,
			"setId": 5,
			"iconIdx": 306
		},
		{
			"icon": {
				"paths": [
					"M86 896v-86h768v86h-768zM854 342v-128h-86v128h86zM854 128q36 0 60 25t24 61v128q0 36-24 60t-60 24h-86v128q0 70-50 121t-120 51h-256q-70 0-121-51t-51-121v-426h684z"
				],
				"attrs": [],
				"isMulticolor": false,
				"tags": [
					"local_cafe"
				],
				"defaultCode": 58689,
				"grid": 24
			},
			"attrs": [],
			"properties": {
				"order": 62,
				"ligatures": "local_cafe",
				"prevSize": 24,
				"name": "local_cafe",
				"id": 512,
				"code": 58689
			},
			"setIdx": 0,
			"setId": 5,
			"iconIdx": 512
		},
		{
			"icon": {
				"paths": [
					"M234 298q26 0 45-19t19-45-19-45-45-19-45 19-19 45 19 45 45 19zM914 494q24 24 24 60t-24 60l-300 300q-24 24-60 24t-60-24l-384-384q-24-24-24-60v-300q0-34 25-59t59-25h300q36 0 60 24z"
				],
				"attrs": [],
				"isMulticolor": false,
				"tags": [
					"local_offer"
				],
				"defaultCode": 58702,
				"grid": 24
			},
			"attrs": [],
			"properties": {
				"order": 60,
				"ligatures": "local_offer",
				"prevSize": 24,
				"name": "local_offer",
				"id": 525,
				"code": 58702
			},
			"setIdx": 0,
			"setId": 5,
			"iconIdx": 525
		},
		{
			"icon": {
				"paths": [
					"M854 342v-86l-342 214-342-214v86l342 212zM854 170q34 0 59 26t25 60v512q0 34-25 60t-59 26h-684q-34 0-59-26t-25-60v-512q0-34 25-60t59-26h684z"
				],
				"attrs": [],
				"isMulticolor": false,
				"tags": [
					"local_post_office"
				],
				"defaultCode": 58708,
				"grid": 24
			},
			"attrs": [],
			"properties": {
				"order": 61,
				"ligatures": "local_post_office",
				"prevSize": 24,
				"name": "local_post_office",
				"id": 531,
				"code": 58708
			},
			"setIdx": 0,
			"setId": 5,
			"iconIdx": 531
		},
		{
			"icon": {
				"paths": [
					"M512 426q34 0 60 26t26 60-26 60-60 26-60-26-26-60 26-60 60-26zM768 426q34 0 60 26t26 60-26 60-60 26-60-26-26-60 26-60 60-26zM256 426q34 0 60 26t26 60-26 60-60 26-60-26-26-60 26-60 60-26z"
				],
				"attrs": [],
				"isMulticolor": false,
				"tags": [
					"keyboard_control"
				],
				"defaultCode": 58835,
				"grid": 24
			},
			"attrs": [],
			"properties": {
				"order": 58,
				"ligatures": "keyboard_control",
				"prevSize": 24,
				"name": "keyboard_control",
				"id": 571,
				"code": 58835
			},
			"setIdx": 0,
			"setId": 5,
			"iconIdx": 571
		},
		{
			"icon": {
				"paths": [
					"M512 682q34 0 60 26t26 60-26 60-60 26-60-26-26-60 26-60 60-26zM512 426q34 0 60 26t26 60-26 60-60 26-60-26-26-60 26-60 60-26zM512 342q-34 0-60-26t-26-60 26-60 60-26 60 26 26 60-26 60-60 26z"
				],
				"attrs": [],
				"isMulticolor": false,
				"tags": [
					"more_vert"
				],
				"defaultCode": 58836,
				"grid": 24
			},
			"attrs": [],
			"properties": {
				"order": 56,
				"ligatures": "more_vert",
				"prevSize": 24,
				"name": "more_vert",
				"id": 572,
				"code": 58836
			},
			"setIdx": 0,
			"setId": 5,
			"iconIdx": 572
		},
		{
			"icon": {
				"paths": [
					"M754 270l100-100v300h-300l138-138q-76-76-180-76-106 0-181 75t-75 181 75 181 181 75q84 0 150-47t92-123h88q-28 112-120 184t-210 72q-140 0-240-100t-100-242 100-242 240-100q142 0 242 100z"
				],
				"attrs": [],
				"isMulticolor": false,
				"tags": [
					"refresh"
				],
				"defaultCode": 58837,
				"grid": 24
			},
			"attrs": [],
			"properties": {
				"order": 57,
				"ligatures": "refresh",
				"prevSize": 24,
				"name": "refresh",
				"id": 573,
				"code": 58837
			},
			"setIdx": 0,
			"setId": 5,
			"iconIdx": 573
		},
		{
			"icon": {
				"paths": [
					"M804 678q38 18 38 58v8l-32 226q-2 24-20 39t-42 15h-290q-26 0-44-18l-212-212 34-34q14-14 34-14 2 0 5 1t5 1l146 30v-458q0-28 19-46t45-18 45 18 19 46v256h34q6 0 22 4zM384 480q-86-56-86-160 0-80 56-136t136-56 136 56 56 136q0 106-84 160v-160q0-44-32-75t-76-31-75 31-31 75v160z"
				],
				"attrs": [],
				"isMulticolor": false,
				"tags": [
					"touch_app"
				],
				"defaultCode": 59667,
				"grid": 24
			},
			"attrs": [],
			"properties": {
				"order": 59,
				"ligatures": "touch_app",
				"prevSize": 24,
				"name": "touch_app",
				"id": 854,
				"code": 59667
			},
			"setIdx": 0,
			"setId": 5,
			"iconIdx": 854
		},
		{
			"icon": {
				"paths": [
					"M512 128q69.667 0 135.5 21.167t115.5 55 93.5 74.833 73.667 82 51.667 74.833 32.167 54.833l10 21.333q-2.333 5-6.333 13.5t-18.833 34.667-31.667 51.667-44.333 60-56.833 64.333-69.5 60.167-82.333 51.5-94.833 34.667-107.333 13.5q-69.667 0-135.5-21.167t-115.5-54.833-93.5-74.333-73.667-81.5-51.667-74.5-32.167-55l-10-21q2.333-5 6.333-13.5t18.833-34.833 31.667-51.833 44.333-60.333 56.833-64.667 69.5-60.333 82.333-51.833 94.833-34.833 107.333-13.5zM512 213.333q-46.667 0-91.667 12.333t-81.167 31.833-70.667 47.167-59.667 54.5-48.833 57.667-37.667 52.833-26.333 44q12.333 21.667 26.333 43.5t37.667 52.333 48.833 57 59.667 53.833 70.667 46.667 81.167 31.5 91.667 12.167 91.667-12.333 81.167-31.667 70.667-46.833 59.667-54.167 48.833-57.333 37.667-52.667 26.333-43.667q-12.333-21.667-26.333-43.667t-37.667-52.667-48.833-57.333-59.667-54.167-70.667-46.833-81.167-31.667-91.667-12.333zM512 341.333q70.667 0 120.667 50t50 120.667-50 120.667-120.667 50-120.667-50-50-120.667 50-120.667 120.667-50zM512 426.667q-35.333 0-60.333 25t-25 60.333 25 60.333 60.333 25 60.333-25 25-60.333-25-60.333-60.333-25z"
				],
				"attrs": [],
				"isMulticolor": false,
				"tags": [
					"eye"
				],
				"defaultCode": 57344,
				"grid": 24
			},
			"attrs": [],
			"properties": {
				"id": 0,
				"order": 42,
				"prevSize": 24,
				"code": 57344,
				"name": "eye"
			},
			"setIdx": 7,
			"setId": 3,
			"iconIdx": 0
		},
		{
			"icon": {
				"paths": [
					"M674 0q41.667 0 80 15.667 40 16 70.667 46.667 31 31.333 46.667 70.333 15.333 37.667 15.333 80t-15.333 80q-15.667 39-46.667 70.333l-392.667 392.667q-18 18-42.667 28.333-24 9.333-48 9.333t-48-9.333q-24.667-10.333-42.667-28.333-18.667-18.667-28-42.333-9.333-22.667-9.333-48 0-25.667 9.333-48.333 9.333-23.333 28-42.333l362.333-362q12.667-12.667 30.333-12.667 17.333 0 30 12.667t12.667 30q0 17.667-12.667 30.333l-362.333 362q-12.333 12.333-12.333 30.333 0 17.667 12.333 30 13.333 12.667 30.333 12.667t30.333-12.667l392.667-392.667q37-37 37-90t-37-90q-38-37.333-90.333-37.333-52.667 0-90 37.333l-393.667 391.667q-30.667 30.667-46.667 70.667-15.667 38.333-15.667 80.333 0 41.333 15.667 80.333 16 39.667 46.667 70.333 31.667 31.333 70.667 47t80.333 15.667 80.333-15.667 70.667-47l392-392q12.667-12.667 30.333-12.667 17.333 0 30 12.667t12.667 30q0 17.667-12.667 30.333l-392 392q-43 43-99 65.667-53.333 22-112.333 22-58.667 0-112.333-22-56-22.667-99-65.667-42.667-42.667-65.333-98.667-22-54-22-112.333 0-58.667 22-112.333 22.333-55.333 65.333-99h0.333l393.333-391.667q30.667-30.667 70.333-46.667 39-15.667 80-15.667z"
				],
				"attrs": [],
				"isMulticolor": false,
				"tags": [
					"paper-clip"
				],
				"defaultCode": 57345,
				"grid": 24
			},
			"attrs": [],
			"properties": {
				"id": 1,
				"order": 43,
				"prevSize": 24,
				"code": 57345,
				"name": "paper-clip"
			},
			"setIdx": 7,
			"setId": 3,
			"iconIdx": 1
		},
		{
			"icon": {
				"paths": [
					"M170.667 128h682.667q53 0 90.5 37.5t37.5 90.5v512q0 53-37.5 90.5t-90.5 37.5h-682.667q-53 0-90.5-37.5t-37.5-90.5v-512q0-53 37.5-90.5t90.5-37.5zM896 768v-466l-357.333 286q-11.333 9.333-26.667 9.333t-26.667-9.333l-357.333-286v466q0 17.667 12.5 30.167t30.167 12.5h682.667q17.667 0 30.167-12.5t12.5-30.167zM853.333 213.333h-682.667q-6.333 0-14 2.333l355.333 284.333 355.333-284.333q-7.667-2.333-14-2.333z"
				],
				"attrs": [],
				"isMulticolor": false,
				"tags": [
					"mail"
				],
				"defaultCode": 57346,
				"grid": 24
			},
			"attrs": [],
			"properties": {
				"id": 2,
				"order": 44,
				"prevSize": 24,
				"code": 57346,
				"name": "mail"
			},
			"setIdx": 7,
			"setId": 3,
			"iconIdx": 2
		},
		{
			"icon": {
				"paths": [
					"M725.333 42.667q50.333 0 97.167 19t83.833 56 56 83.833 19 97.167q0 50-19.167 97.167t-55.833 83.833l-128 128q-3.667 3.667-11 10.333-35.667 31.667-79.667 48.167t-90.333 16.5q-58.333 0-110.333-25-39-18.333-70.667-50t-50-70.667q25-25 60.333-25 12.333 0 25 3.667 21.667 35 56.667 56.667 41 25 89 25 33.333 0 64.667-12.667t56-37.333l128-128q24.667-24.667 37.333-56t12.667-64.667-12.667-64.667-37.333-56-56-37.333-64.667-12.667-64.667 12.667-56 37.333l-89.667 89.667q-42.667-11.667-88.333-11.667-7.333 0-20.667 0.667 6.667-7.333 10.333-11l128-128q36.667-36.667 83.833-55.833t97.167-19.167zM426.667 341.333q58.333 0 110.333 25 39 18.333 70.667 50t50 70.667q-25 25-60.333 25-12.333 0-25-3.667-21.667-35-56.667-56.667-41-25-89-25-33.333 0-64.667 12.667t-56 37.333l-128 128q-24.667 24.667-37.333 56t-12.667 64.667 12.667 64.667 37.333 56 56 37.333 64.667 12.667 64.667-12.667 56-37.333l89.667-89.667q42.667 11.667 88.333 11.667 7.333 0 20.667-0.667-6.667 7.333-10.333 11l-128 128q-37 37-83.833 56t-97.167 19q-50 0-97.167-19.167t-83.833-55.833q-37-37-56-83.833t-19-97.167 19-97.167 56-83.833l128-128q3.667-3.667 11-10.333 35.667-31.667 79.667-48.167t90.333-16.5z"
				],
				"attrs": [],
				"isMulticolor": false,
				"tags": [
					"link"
				],
				"defaultCode": 57349,
				"grid": 24
			},
			"attrs": [],
			"properties": {
				"id": 5,
				"order": 31,
				"prevSize": 24,
				"code": 57349,
				"name": "link"
			},
			"setIdx": 7,
			"setId": 3,
			"iconIdx": 5
		},
		{
			"icon": {
				"paths": [
					"M298.667 42.667h426.667q53 0 90.5 37.5t37.5 90.5v810.667l-341.333-256-341.333 256v-810.667q0-53 37.5-90.5t90.5-37.5zM725.333 128h-426.667q-17.667 0-30.167 12.5t-12.5 30.167v640l256-192 256 192v-640q0-17.667-12.5-30.167t-30.167-12.5z"
				],
				"attrs": [],
				"isMulticolor": false,
				"tags": [
					"ribbon"
				],
				"defaultCode": 57353,
				"grid": 24
			},
			"attrs": [],
			"properties": {
				"id": 9,
				"order": 33,
				"prevSize": 24,
				"code": 57353,
				"name": "ribbon"
			},
			"setIdx": 7,
			"setId": 3,
			"iconIdx": 9
		},
		{
			"icon": {
				"paths": [
					"M170.667 42.667h682.667q53 0 90.5 37.5t37.5 90.5v682.667q0 53-37.5 90.5t-90.5 37.5h-682.667q-53 0-90.5-37.5t-37.5-90.5v-682.667q0-53 37.5-90.5t90.5-37.5zM896 743l-213.333-213.333-366.333 366.333h537q17.667 0 30.167-12.5t12.5-30.167v-110.333zM853.333 128h-682.667q-17.667 0-30.167 12.5t-12.5 30.167v682.667q0 17.667 12.5 30.167t30.167 12.5h25l487-487 213.333 213.333v-451.667q0-17.667-12.5-30.167t-30.167-12.5zM341.333 213.333q53 0 90.5 37.5t37.5 90.5-37.5 90.5-90.5 37.5-90.5-37.5-37.5-90.5 37.5-90.5 90.5-37.5zM341.333 298.667q-17.667 0-30.167 12.5t-12.5 30.167 12.5 30.167 30.167 12.5 30.167-12.5 12.5-30.167-12.5-30.167-30.167-12.5z"
				],
				"attrs": [],
				"isMulticolor": false,
				"tags": [
					"image"
				],
				"defaultCode": 57360,
				"grid": 24
			},
			"attrs": [],
			"properties": {
				"id": 10,
				"order": 32,
				"prevSize": 24,
				"code": 57360,
				"name": "image"
			},
			"setIdx": 7,
			"setId": 3,
			"iconIdx": 10
		},
		{
			"icon": {
				"paths": [
					"M753.333 85.333q69.667 0 128.5 34.333t93.167 93.167 34.333 128.5q0 50-19.167 97.167t-55.833 83.833l-422.333 422.333-422.333-422.333q-36.667-36.667-55.833-83.833t-19.167-97.167q0-69.667 34.333-128.5t93.167-93.167 128.5-34.333q50.333 0 97.167 19t83.833 56l60.333 60.333 60.333-60.333q36.667-36.667 83.833-55.833t97.167-19.167zM753.333 170.667q-33.333 0-64.667 12.667t-56 37.333l-120.667 120.667-120.667-120.667q-24.667-24.667-56-37.333t-64.667-12.667q-46.667 0-85.833 22.833t-62 62-22.833 85.833q0 33.333 12.667 64.667t37.333 56l362 362 362-362q24.667-24.667 37.333-56t12.667-64.667q0-46.667-22.833-85.833t-62-62-85.833-22.833z"
				],
				"attrs": [],
				"isMulticolor": false,
				"tags": [
					"heart"
				],
				"defaultCode": 57380,
				"grid": 24
			},
			"attrs": [],
			"properties": {
				"id": 24,
				"order": 41,
				"prevSize": 24,
				"code": 57380,
				"name": "heart"
			},
			"setIdx": 7,
			"setId": 3,
			"iconIdx": 24
		},
		{
			"icon": {
				"paths": [
					"M356.667 155q17.333 0 30 12.5t12.667 30.167-12.667 30.333l-198.667 198.667h409.333q78 0 149.167 30.333t122.5 81.833 81.833 122.5 30.5 149.333v42.667q0 17.667-12.5 30.167t-30.167 12.5q-17.333 0-30-12.667t-12.667-30v-42.667q0-60.667-23.667-116t-63.667-95.333-95.333-63.667-116-23.667h-409.333l198.667 199q12.667 12.667 12.667 30 0 17.667-12.5 30.333t-30.167 12.667-30.333-12.667l-271.333-271.667q-12.333-12.333-12.333-30.333 0-17.667 12.333-30l271.333-271.667q12.667-12.667 30.333-12.667z"
				],
				"attrs": [],
				"isMulticolor": false,
				"tags": [
					"reply"
				],
				"defaultCode": 57401,
				"grid": 24
			},
			"attrs": [],
			"properties": {
				"id": 39,
				"order": 45,
				"prevSize": 24,
				"code": 57401,
				"name": "reply"
			},
			"setIdx": 7,
			"setId": 3,
			"iconIdx": 39
		},
		{
			"icon": {
				"paths": [
					"M512 42.667q95.667 0 182.5 37.167t149.667 100 100 149.667 37.167 182.5-37.167 182.5-100 149.667-149.667 100-182.5 37.167-182.5-37.167-149.667-100-100-149.667-37.167-182.5 37.167-182.5 100-149.667 149.667-100 182.5-37.167zM512 128q-78 0-149.167 30.5t-122.5 81.833-81.833 122.5-30.5 149.167 30.5 149.167 81.833 122.5 122.5 81.833 149.167 30.5 149.167-30.5 122.5-81.833 81.833-122.5 30.5-149.167-30.5-149.167-81.833-122.5-122.5-81.833-149.167-30.5zM512 298.667q17.667 0 30.167 12.5t12.5 30.167v128h128q17.667 0 30.167 12.5t12.5 30.167-12.5 30.167-30.167 12.5h-128v128q0 17.667-12.5 30.167t-30.167 12.5-30.167-12.5-12.5-30.167v-128h-128q-17.667 0-30.167-12.5t-12.5-30.167 12.5-30.167 30.167-12.5h128v-128q0-17.667 12.5-30.167t30.167-12.5z"
				],
				"attrs": [],
				"isMulticolor": false,
				"tags": [
					"circle-plus"
				],
				"defaultCode": 57408,
				"grid": 24
			},
			"attrs": [],
			"properties": {
				"id": 40,
				"order": 19,
				"prevSize": 24,
				"code": 57408,
				"name": "circle-plus"
			},
			"setIdx": 7,
			"setId": 3,
			"iconIdx": 40
		},
		{
			"icon": {
				"paths": [
					"M512 42.667q95.667 0 182.5 37.167t149.667 100 100 149.667 37.167 182.5-37.167 182.5-100 149.667-149.667 100-182.5 37.167-182.5-37.167-149.667-100-100-149.667-37.167-182.5 37.167-182.5 100-149.667 149.667-100 182.5-37.167zM512 128q-78 0-149.167 30.5t-122.5 81.833-81.833 122.5-30.5 149.167 30.5 149.167 81.833 122.5 122.5 81.833 149.167 30.5 149.167-30.5 122.5-81.833 81.833-122.5 30.5-149.167-30.5-149.167-81.833-122.5-122.5-81.833-149.167-30.5zM341.333 469.333h341.333q17.667 0 30.167 12.5t12.5 30.167-12.5 30.167-30.167 12.5h-341.333q-17.667 0-30.167-12.5t-12.5-30.167 12.5-30.167 30.167-12.5z"
				],
				"attrs": [],
				"isMulticolor": false,
				"tags": [
					"circle-minus"
				],
				"defaultCode": 57409,
				"grid": 24
			},
			"attrs": [],
			"properties": {
				"id": 41,
				"order": 20,
				"prevSize": 24,
				"code": 57409,
				"name": "circle-minus"
			},
			"setIdx": 7,
			"setId": 3,
			"iconIdx": 41
		},
		{
			"icon": {
				"paths": [
					"M512 42.667q95.667 0 182.5 37.167t149.667 100 100 149.667 37.167 182.5-37.167 182.5-100 149.667-149.667 100-182.5 37.167-182.5-37.167-149.667-100-100-149.667-37.167-182.5 37.167-182.5 100-149.667 149.667-100 182.5-37.167zM512 128q-78 0-149.167 30.5t-122.5 81.833-81.833 122.5-30.5 149.167 30.5 149.167 81.833 122.5 122.5 81.833 149.167 30.5 149.167-30.5 122.5-81.833 81.833-122.5 30.5-149.167-30.5-149.167-81.833-122.5-122.5-81.833-149.167-30.5zM655.667 383.667q17.667 0 30.167 12.5t12.5 30.167-12.667 30.333l-181 181q-12.333 12.333-30 12.333-18 0-30.333-12.333l-90.667-90.333q-12.333-12.333-12.333-30.333 0-17.667 12.5-30.167t30.167-12.5 30.333 12.667l60.333 60.333 150.667-151q12.667-12.667 30.333-12.667z"
				],
				"attrs": [],
				"isMulticolor": false,
				"tags": [
					"circle-check"
				],
				"defaultCode": 57410,
				"grid": 24
			},
			"attrs": [],
			"properties": {
				"id": 42,
				"order": 21,
				"prevSize": 24,
				"code": 57410,
				"name": "circle-check"
			},
			"setIdx": 7,
			"setId": 3,
			"iconIdx": 42
		},
		{
			"icon": {
				"paths": [
					"M512 42.667q95.667 0 182.5 37.167t149.667 100 100 149.667 37.167 182.5-37.167 182.5-100 149.667-149.667 100-182.5 37.167-182.5-37.167-149.667-100-100-149.667-37.167-182.5 37.167-182.5 100-149.667 149.667-100 182.5-37.167zM512 128q-78 0-149.167 30.5t-122.5 81.833-81.833 122.5-30.5 149.167 30.5 149.167 81.833 122.5 122.5 81.833 149.167 30.5 149.167-30.5 122.5-81.833 81.833-122.5 30.5-149.167-30.5-149.167-81.833-122.5-122.5-81.833-149.167-30.5zM632.667 348.333q17.667 0 30.333 12.5t12.667 30.167-12.667 30.333l-90.667 90.667 90.667 90.333q12.667 12.667 12.667 30 0 17.667-12.667 30.167t-30.333 12.5-30-12.333l-90.667-90.333-90.333 90.333q-12.333 12.333-30.333 12.333-17.667 0-30.167-12.333t-12.5-30q0-18 12.333-30.333l90.667-90.333-90.667-90.667q-12.333-12.333-12.333-30t12.5-30.333 30.167-12.667 30.333 12.667l90.333 90.667 90.667-90.667q12.667-12.667 30-12.667z"
				],
				"attrs": [],
				"isMulticolor": false,
				"tags": [
					"circle-cross"
				],
				"defaultCode": 57411,
				"grid": 24
			},
			"attrs": [],
			"properties": {
				"id": 43,
				"order": 22,
				"prevSize": 24,
				"code": 57411,
				"name": "circle-cross"
			},
			"setIdx": 7,
			"setId": 3,
			"iconIdx": 43
		},
		{
			"icon": {
				"paths": [
					"M512 128q78 0 149.167 30.5t122.5 81.833 81.833 122.5 30.5 149.167-30.5 149.167-81.833 122.5-122.5 81.833-149.167 30.5-149.167-30.5-122.5-81.833-81.833-122.5-30.5-149.167 30.5-149.167 81.833-122.5 122.5-81.833 149.167-30.5zM512 213.333q-60.667 0-116 23.667t-95.333 63.667-63.667 95.333-23.667 116 23.667 116 63.667 95.333 95.333 63.667 116 23.667 116-23.667 95.333-63.667 63.667-95.333 23.667-116-23.667-116-63.667-95.333-95.333-63.667-116-23.667z"
				],
				"attrs": [],
				"isMulticolor": false,
				"tags": [
					"record"
				],
				"defaultCode": 57417,
				"grid": 24
			},
			"attrs": [],
			"properties": {
				"id": 49,
				"order": 34,
				"prevSize": 24,
				"code": 57417,
				"name": "record"
			},
			"setIdx": 7,
			"setId": 3,
			"iconIdx": 49
		},
		{
			"icon": {
				"paths": [
					"M42.667 554.667h256q17.667 0 30.167 12.5t12.5 30.167-12.5 30.167-30.167 12.5h-144l116 113.333q49.333 49.667 113 75 61 25 128.333 25t128.333-25q33.333-13.667 62.5-33.5t49.667-40.667 37.333-44.667 27-43.833 17.167-40q6-16.667 22-24.167t32.333-1.833q16.667 6 24.167 21.833t1.833 32.167q-14 42.667-40.667 84.667t-60 75.333q-61.333 61.333-141 93.667-77.333 31.333-160.667 31.333-83 0-160.667-31.333-79.667-32.333-141-93.667l-125-122.333v162q0 17.667-12.5 30.167t-30.167 12.5-30.167-12.5-12.5-30.167v-256q0-17.667 12.5-30.167t30.167-12.5zM512 85.333q83 0 160.667 31.333 79.667 32.333 141 93.667l0.667 0.667 124.333 121.667v-162q0-17.667 12.5-30.167t30.167-12.5 30.167 12.5 12.5 30.167v256q0 17.667-12.5 30.167t-30.167 12.5h-256q-17.667 0-30.167-12.5t-12.5-30.167 12.5-30.167 30.167-12.5h144l-116-113.333q-48.667-48.667-110.833-74.333t-130.5-25.667q-67.333 0-128.333 25-63.667 25.333-113 75-20 17.667-43.833 53.833t-36.833 73.833q-6 16.667-22 24.167t-32.333 1.833q-16.667-6-24.167-21.833t-1.833-32.167q14-42.667 40.667-84.667t60-75.333q61.333-61.333 141-93.667 77.667-31.333 160.667-31.333z"
				],
				"attrs": [],
				"isMulticolor": false,
				"tags": [
					"repeat"
				],
				"defaultCode": 57432,
				"grid": 24
			},
			"attrs": [],
			"properties": {
				"id": 58,
				"order": 18,
				"prevSize": 24,
				"code": 57432,
				"name": "repeat"
			},
			"setIdx": 7,
			"setId": 3,
			"iconIdx": 58
		},
		{
			"icon": {
				"paths": [
					"M640 128q78 0 149.167 30.5t122.5 81.833 81.833 122.5 30.5 149.167-30.5 149.167-81.833 122.5-122.5 81.833-149.167 30.5h-384q-69.667 0-128.5-34.333t-93.167-93.167-34.333-128.5 34.333-128.5 93.167-93.167 128.5-34.333h22q26.333-74.333 79.333-132.167t126.833-90.833 155.833-33zM640 213.333q-55.333 0-106.5 19.833t-90 53.833-65 81.333-33.833 101h-88.667q-70.667 0-120.667 50t-50 120.667 50 120.667 120.667 50h384q60.667 0 116-23.667t95.333-63.667 63.667-95.333 23.667-116-23.667-116-63.667-95.333-95.333-63.667-116-23.667z"
				],
				"attrs": [],
				"isMulticolor": false,
				"tags": [
					"cloud"
				],
				"defaultCode": 57445,
				"grid": 24
			},
			"attrs": [],
			"properties": {
				"id": 65,
				"order": 30,
				"prevSize": 24,
				"code": 57445,
				"name": "cloud"
			},
			"setIdx": 7,
			"setId": 3,
			"iconIdx": 65
		},
		{
			"icon": {
				"paths": [
					"M640 170.667h170.667q53 0 90.5 37.5t37.5 90.5v597.333q0 53-37.5 90.5t-90.5 37.5h-597.333q-53 0-90.5-37.5t-37.5-90.5v-597.333q0-53 37.5-90.5t90.5-37.5h170.667v85.333h-170.667q-17.667 0-30.167 12.5t-12.5 30.167v597.333q0 17.667 12.5 30.167t30.167 12.5h597.333q17.667 0 30.167-12.5t12.5-30.167v-597.333q0-17.667-12.5-30.167t-30.167-12.5h-170.667v-85.333zM512 0q17.667 0 30.167 12.5t12.5 30.167v537l97.667-98q12.333-12.333 30.333-12.333 18.333 0 30.5 12.167t12.167 30.5q0 18-12.333 30.333l-170.667 170.667q-12.333 12.333-30.333 12.333t-30.333-12.333l-170.667-170.667q-12.333-13-12.333-30.333 0-17.667 12.5-30.167t30.167-12.5q18 0 30.333 12.333l97.667 98v-537q0-17.667 12.5-30.167t30.167-12.5z"
				],
				"attrs": [],
				"isMulticolor": false,
				"tags": [
					"download"
				],
				"defaultCode": 57449,
				"grid": 24
			},
			"attrs": [],
			"properties": {
				"id": 69,
				"order": 28,
				"prevSize": 24,
				"code": 57449,
				"name": "download"
			},
			"setIdx": 7,
			"setId": 3,
			"iconIdx": 69
		},
		{
			"icon": {
				"paths": [
					"M0 469.333l1024-469.333-469.333 1024-128-426.667zM571.333 782.667l279.333-609.333-609.333 279.333 254 76z"
				],
				"attrs": [],
				"isMulticolor": false,
				"tags": [
					"location"
				],
				"defaultCode": 57456,
				"grid": 24
			},
			"attrs": [],
			"properties": {
				"id": 70,
				"order": 48,
				"prevSize": 24,
				"code": 57456,
				"name": "location"
			},
			"setIdx": 7,
			"setId": 3,
			"iconIdx": 70
		},
		{
			"icon": {
				"paths": [
					"M512 0q69.667 0 128.5 34.333t93.167 93.167 34.333 128.5v128q0 53.333-20.667 101t-57.667 83q97.333 15.333 173 45.167t118.5 70.5 42.833 85.667v84q0 53-37.5 90.5t-90.5 37.5h-768q-53 0-90.5-37.5t-37.5-90.5v-84.333q0-45 42.833-85.667t118.333-70.5 172.833-44.833q-36.667-35.667-57.333-83.167t-20.667-100.833v-128q0-69.667 34.333-128.5t93.167-93.167 128.5-34.333zM512 640q-92.667 0-178.833 14.833t-150.167 41.5q-25.667 10.667-45.833 22.667t-30.667 21.667-15.833 16.833-5.333 11.5v84.333q0 17.667 12.5 30.167t30.167 12.5h768q17.667 0 30.167-12.5t12.5-30.167v-84q0-4.333-5.333-11.5t-15.833-16.833-30.667-21.667-45.833-23q-64-26.667-150.167-41.5t-178.833-14.833zM512 85.333q-70.667 0-120.667 50t-50 120.667v128q0 70.667 50 120.667t120.667 50 120.667-50 50-120.667v-128q0-70.667-50-120.667t-120.667-50z"
				],
				"attrs": [],
				"isMulticolor": false,
				"tags": [
					"head"
				],
				"defaultCode": 57460,
				"grid": 24
			},
			"attrs": [],
			"properties": {
				"id": 74,
				"order": 36,
				"prevSize": 24,
				"code": 57460,
				"name": "head"
			},
			"setIdx": 7,
			"setId": 3,
			"iconIdx": 74
		},
		{
			"icon": {
				"paths": [
					"M170.667 42.667h682.667q53 0 90.5 37.5t37.5 90.5v469.333q0 53-37.5 90.5t-90.5 37.5h-341.333l-298.667 213.333v-213.333h-42.667q-53 0-90.5-37.5t-37.5-90.5v-469.333q0-53 37.5-90.5t90.5-37.5zM853.333 128h-682.667q-17.667 0-30.167 12.5t-12.5 30.167v469.333q0 17.667 12.5 30.167t30.167 12.5h128v133l186-133h368.667q17.667 0 30.167-12.5t12.5-30.167v-469.333q0-17.667-12.5-30.167t-30.167-12.5z"
				],
				"attrs": [],
				"isMulticolor": false,
				"tags": [
					"speech-bubble"
				],
				"defaultCode": 57462,
				"grid": 24
			},
			"attrs": [],
			"properties": {
				"id": 76,
				"order": 35,
				"prevSize": 24,
				"code": 57462,
				"name": "speech-bubble"
			},
			"setIdx": 7,
			"setId": 3,
			"iconIdx": 76
		},
		{
			"icon": {
				"paths": [
					"M512 42.667q12 0 18 0.333 62 2.333 120.5 20.5t108.167 48.833 91.167 73.833 70.333 93.833 45 110.167 16.167 121.833-16.167 121.833-45 110.167-70.333 93.833-91.167 73.833-108.167 48.833-120.5 20.5q-6 0.333-18 0.333t-18-0.333q-62-2.333-120.5-20.5t-108.167-48.833-91.167-73.833-70.333-93.833-45-110.167-16.167-121.833 16.167-121.833 45-110.167 70.333-93.833 91.167-73.833 108.167-48.833 120.5-20.5q6-0.333 18-0.333zM300.333 554.667h-170q13.333 119 91.667 209t192.667 120q-43.333-65.667-75.5-148.833t-38.833-180.167zM638.333 554.667h-252.667q3.333 42.667 13.833 85.333t23.5 75.5 30 64.833 30.667 52.667 28.333 39.667q14.667-19 28.333-39.833t30.667-52.833 30-64.833 23.5-75.333 13.833-85.167zM414.667 140.333q-114.333 30-192.667 120t-91.667 209h170q11.667-174 114.333-329zM893.667 554.667h-169.667q-12.333 174.333-114.667 329 114.333-30 192.667-120t91.667-209zM512 151.333q-14.667 19-28.167 39.833t-30.667 52.833-30.167 64.833-23.5 75.333-13.833 85.167h252.667q-3.333-42.667-13.833-85.333t-23.5-75.5-30-64.833-30.667-52.667-28.333-39.667zM609.333 140.333q102.333 154.667 114.667 329h169.667q-13.333-119-91.667-209t-192.667-120z"
				],
				"attrs": [],
				"isMulticolor": false,
				"tags": [
					"globe"
				],
				"defaultCode": 57464,
				"grid": 24
			},
			"attrs": [],
			"properties": {
				"id": 78,
				"order": 46,
				"prevSize": 24,
				"code": 57464,
				"name": "globe"
			},
			"setIdx": 7,
			"setId": 3,
			"iconIdx": 78
		},
		{
			"icon": {
				"paths": [
					"M469.333 85.333q83 0 160.667 31.333 79.667 32.333 141 93.667 0.333 0.333 125 122.333v-162q0-17.667 12.5-30.167t30.167-12.5 30.167 12.5 12.5 30.167v256q0 17.667-12.5 30.167t-30.167 12.5h-256q-17.667 0-30.167-12.5t-12.5-30.167 12.5-30.167 30.167-12.5h144q-92.667-90-116-113.333-49.667-49.667-113-75-61-25-128.333-25t-128.333 25q-63.667 25.333-113 75-49.333 49.333-75 113-25 61-25 128.333t25 128.333q25.667 63.667 75 113 49.333 49.667 113 75 61 25 128.333 25t128.333-25q63.333-25.333 113-75 55.333-55.333 80.667-127.667 5.667-16.667 21.667-24.167t32.667-1.833q16.667 6 24.333 22t1.667 32.667q-15.333 43.667-41.5 85.333t-59.167 74q-61.333 61.333-141 93.667-77.667 31.333-160.667 31.333t-160.667-31.333q-79.667-32.333-141-93.667t-93.667-141q-31.333-77.667-31.333-160.667t31.333-160.667q32.333-79.667 93.667-141t141-93.667q77.667-31.333 160.667-31.333z"
				],
				"attrs": [],
				"isMulticolor": false,
				"tags": [
					"reload"
				],
				"defaultCode": 57472,
				"grid": 24
			},
			"attrs": [],
			"properties": {
				"id": 80,
				"order": 29,
				"prevSize": 24,
				"code": 57472,
				"name": "reload"
			},
			"setIdx": 7,
			"setId": 3,
			"iconIdx": 80
		},
		{
			"icon": {
				"paths": [
					"M768 85.333q70.667 0 120.667 50t50 120.667-50 120.667-120.667 50q-37.667 0-71.167-15.5t-57.5-43.167l-216.333 108.333q3.667 17.667 3.667 35.667t-3.667 35.667l216.333 108.333q24-27.667 57.5-43.167t71.167-15.5q70.667 0 120.667 50t50 120.667-50 120.667-120.667 50-120.667-50-50-120.667q0-18 3.667-35.667l-216.333-108.333q-24 27.667-57.5 43.167t-71.167 15.5q-70.667 0-120.667-50t-50-120.667 50-120.667 120.667-50q37.667 0 71.167 15.5t57.5 43.167l216.333-108.333q-3.667-17.667-3.667-35.667 0-70.667 50-120.667t120.667-50zM256 426.667q-35.333 0-60.333 25t-25 60.333 25 60.333 60.333 25 60.333-25 25-60.333-25-60.333-60.333-25zM768 682.667q-35.333 0-60.333 25t-25 60.333 25 60.333 60.333 25 60.333-25 25-60.333-25-60.333-60.333-25zM768 170.667q-35.333 0-60.333 25t-25 60.333 25 60.333 60.333 25 60.333-25 25-60.333-25-60.333-60.333-25z"
				],
				"attrs": [],
				"isMulticolor": false,
				"tags": [
					"share"
				],
				"defaultCode": 57473,
				"grid": 24
			},
			"attrs": [],
			"properties": {
				"id": 81,
				"order": 47,
				"prevSize": 24,
				"code": 57473,
				"name": "share"
			},
			"setIdx": 7,
			"setId": 3,
			"iconIdx": 81
		},
		{
			"icon": {
				"paths": [
					"M426.667 170.667q17.667 0 30.167 12.5t12.5 30.167q0 18-12.667 30.333l-225.667 225.667h665q17.667 0 30.167 12.5t12.5 30.167-12.5 30.167-30.167 12.5h-665l225.667 225.667q12.667 12.333 12.667 30.333 0 17.667-12.5 30.167t-30.167 12.5q-18 0-30.333-12.333l-298.667-298.667q-12.333-13-12.333-30.333t12.333-30.333l298.667-298.667q12.667-12.333 30.333-12.333z"
				],
				"attrs": [],
				"isMulticolor": false,
				"tags": [
					"arrow-left"
				],
				"defaultCode": 57492,
				"grid": 24
			},
			"attrs": [],
			"properties": {
				"id": 94,
				"order": 23,
				"prevSize": 24,
				"code": 57492,
				"name": "arrow-left"
			},
			"setIdx": 7,
			"setId": 3,
			"iconIdx": 94
		},
		{
			"icon": {
				"paths": [
					"M597.333 170.667q18 0 30.333 12.333l298.667 298.667q12.333 12.333 12.333 30.333t-12.333 30.333l-298.667 298.667q-12.333 12.333-30.333 12.333-18.333 0-30.5-12.167t-12.167-30.5q0-18 12.333-30.333l226-225.667h-665q-17.667 0-30.167-12.5t-12.5-30.167 12.5-30.167 30.167-12.5h665l-226-225.667q-12.333-12.333-12.333-30.333 0-18.333 12.167-30.5t30.5-12.167z"
				],
				"attrs": [],
				"isMulticolor": false,
				"tags": [
					"arrow-right"
				],
				"defaultCode": 57493,
				"grid": 24
			},
			"attrs": [],
			"properties": {
				"id": 95,
				"order": 24,
				"prevSize": 24,
				"code": 57493,
				"name": "arrow-right"
			},
			"setIdx": 7,
			"setId": 3,
			"iconIdx": 95
		},
		{
			"icon": {
				"paths": [
					"M693.333 650.333q17.333 0 30 12.667l120.667 120.667q12.667 12.667 12.667 30.333 0 17.333-12.667 30t-30 12.667q-17.667 0-30.333-12.667l-120.667-120.667q-12.333-12.333-12.333-30.333 0-17.667 12.5-30.167t30.167-12.5zM331 650.333q17.667 0 30.167 12.5t12.5 30.167-12.667 30.333l-120.667 120.667q-12.667 12.667-30 12.667-17.667 0-30.167-12.5t-12.5-30.167q0-18 12.333-30.333l120.667-120.667q12.667-12.667 30.333-12.667zM85.333 469.333h170.667q17.667 0 30.167 12.5t12.5 30.167-12.5 30.167-30.167 12.5h-170.667q-17.667 0-30.167-12.5t-12.5-30.167 12.5-30.167 30.167-12.5zM512 725.333q17.667 0 30.167 12.5t12.5 30.167v170.667q0 17.667-12.5 30.167t-30.167 12.5-30.167-12.5-12.5-30.167v-170.667q0-17.667 12.5-30.167t30.167-12.5zM210.333 167.333q17.333 0 30 12.667l120.667 120.667q12.667 12.667 12.667 30 0 17.667-12.5 30.167t-30.167 12.5q-18 0-30.333-12.333l-120.667-120.667q-12.333-12.333-12.333-30.333 0-17.667 12.5-30.167t30.167-12.5zM768 469.333h170.667q17.667 0 30.167 12.5t12.5 30.167-12.5 30.167-30.167 12.5h-170.667q-17.667 0-30.167-12.5t-12.5-30.167 12.5-30.167 30.167-12.5zM512 42.667q17.667 0 30.167 12.5t12.5 30.167v170.667q0 17.667-12.5 30.167t-30.167 12.5-30.167-12.5-12.5-30.167v-170.667q0-17.667 12.5-30.167t30.167-12.5zM814 167.333q17.333 0 30 12.667t12.667 30q0 17.667-12.667 30.333l-120.667 120.667q-12.333 12.333-30 12.333-18.333 0-30.5-12.167t-12.167-30.5q0-17.667 12.333-30l120.667-120.667q12.667-12.667 30.333-12.667z"
				],
				"attrs": [],
				"isMulticolor": false,
				"tags": [
					"loader"
				],
				"defaultCode": 57605,
				"grid": 24
			},
			"attrs": [],
			"properties": {
				"id": 105,
				"order": 27,
				"prevSize": 24,
				"code": 57605,
				"name": "loader"
			},
			"setIdx": 7,
			"setId": 3,
			"iconIdx": 105
		},
		{
			"icon": {
				"paths": [
					"M512 42.667q95.667 0 182.5 37.167t149.667 100 100 149.667 37.167 182.5-37.167 182.5-100 149.667-149.667 100-182.5 37.167-182.5-37.167-149.667-100-100-149.667-37.167-182.5 37.167-182.5 100-149.667 149.667-100 182.5-37.167zM751.667 812l-539.667-539.667q-40 50.333-62 111.667t-22 128q0 78 30.5 149.167t81.833 122.5 122.5 81.833 149.167 30.5q67 0 128.333-21.833t111.333-62.167zM512 128q-67 0-128.333 21.833t-111.333 62.167l539.667 539.667q40.333-50 62.167-111.333t21.833-128.333q0-78-30.5-149.167t-81.833-122.5-122.5-81.833-149.167-30.5z"
				],
				"attrs": [],
				"isMulticolor": false,
				"tags": [
					"ban"
				],
				"defaultCode": 57607,
				"grid": 24
			},
			"attrs": [],
			"properties": {
				"id": 107,
				"order": 39,
				"prevSize": 24,
				"code": 57607,
				"name": "ban"
			},
			"setIdx": 7,
			"setId": 3,
			"iconIdx": 107
		},
		{
			"icon": {
				"paths": [
					"M298.667 42.667q35.333 0 76 8.833t78.333 21.333l75.333 25t78.333 21.333 76 8.833q36 0 71-4.333t59.667-10.667 44.167-12.667 29.167-10.667l9.333-4.333v597.333q-3.333 1.667-10 4.5t-28.167 10.333-44.833 13-58.833 10.167-71.5 4.667q-35.333 0-76-8.833t-78.333-21.333l-75.333-25t-78.333-21.333-76-8.833q-63.667 0-128 14.333v284.333q0 17.667-12.5 30.167t-30.167 12.5-30.167-12.5-12.5-30.167v-853.333q3.333-1.667 10-4.5t28.167-10.333 44.833-13 58.833-10.167 71.5-4.667zM298.667 128q-65.333 0-128 17v422.333q64-12.667 128-12.667 47.333 0 94.667 10.833t107.667 30.833q7.667 2.667 28.833 9.833t31 10.333 28.833 8.667 31.833 8 29.5 4.667 31.667 2.167q65.333 0 128-17v-422.333q-64 12.667-128 12.667-47.333 0-94.667-10.833t-107.667-30.833q-7.667-2.667-28.833-9.833t-31-10.333-28.833-8.667-31.833-8-29.5-4.667-31.667-2.167z"
				],
				"attrs": [],
				"isMulticolor": false,
				"tags": [
					"flag"
				],
				"defaultCode": 57608,
				"grid": 24
			},
			"attrs": [],
			"properties": {
				"id": 108,
				"order": 40,
				"prevSize": 24,
				"code": 57608,
				"name": "flag"
			},
			"setIdx": 7,
			"setId": 3,
			"iconIdx": 108
		},
		{
			"icon": {
				"paths": [
					"M512 85.333q17.667 0 30.167 12.5t12.5 30.167v341.333h341.333q17.667 0 30.167 12.5t12.5 30.167-12.5 30.167-30.167 12.5h-341.333v341.333q0 17.667-12.5 30.167t-30.167 12.5-30.167-12.5-12.5-30.167v-341.333h-341.333q-17.667 0-30.167-12.5t-12.5-30.167 12.5-30.167 30.167-12.5h341.333v-341.333q0-17.667 12.5-30.167t30.167-12.5z"
				],
				"attrs": [],
				"isMulticolor": false,
				"tags": [
					"plus"
				],
				"defaultCode": 57620,
				"grid": 24
			},
			"attrs": [],
			"properties": {
				"id": 114,
				"order": 38,
				"prevSize": 24,
				"code": 57620,
				"name": "plus"
			},
			"setIdx": 7,
			"setId": 3,
			"iconIdx": 114
		},
		{
			"icon": {
				"paths": [
					"M128 469.333h768q17.667 0 30.167 12.5t12.5 30.167-12.5 30.167-30.167 12.5h-768q-17.667 0-30.167-12.5t-12.5-30.167 12.5-30.167 30.167-12.5z"
				],
				"attrs": [],
				"isMulticolor": false,
				"tags": [
					"minus"
				],
				"defaultCode": 57621,
				"grid": 24
			},
			"attrs": [],
			"properties": {
				"id": 115,
				"order": 37,
				"prevSize": 24,
				"code": 57621,
				"name": "minus"
			},
			"setIdx": 7,
			"setId": 3,
			"iconIdx": 115
		},
		{
			"icon": {
				"paths": [
					"M896 213.333q18.333 0 30.5 12.167t12.167 30.5q0 18-12.333 30.333l-512 512q-12.333 12.333-30.333 12.333t-30.333-12.333l-256-256q-12.333-12.333-12.333-30.333 0-18.333 12.167-30.5t30.5-12.167q18 0 30.333 12.333l225.667 226 481.667-482q12.333-12.333 30.333-12.333z"
				],
				"attrs": [],
				"isMulticolor": false,
				"tags": [
					"check"
				],
				"defaultCode": 57622,
				"grid": 24
			},
			"attrs": [],
			"properties": {
				"id": 116,
				"order": 26,
				"prevSize": 24,
				"code": 57622,
				"name": "check"
			},
			"setIdx": 7,
			"setId": 3,
			"iconIdx": 116
		},
		{
			"icon": {
				"paths": [
					"M810.667 170.667q18.333 0 30.5 12.167t12.167 30.5q0 18-12.333 30.333l-268.667 268.333 268.667 268.333q12.333 12.333 12.333 30.333 0 18.333-12.167 30.5t-30.5 12.167q-18 0-30.333-12.333l-268.333-268.667-268.333 268.667q-12.333 12.333-30.333 12.333-18.333 0-30.5-12.167t-12.167-30.5q0-18 12.333-30.333l268.667-268.333-268.667-268.333q-12.333-12.333-12.333-30.333 0-18.333 12.167-30.5t30.5-12.167q18 0 30.333 12.333l268.333 268.667 268.333-268.667q12.333-12.333 30.333-12.333z"
				],
				"attrs": [],
				"isMulticolor": false,
				"tags": [
					"cross"
				],
				"defaultCode": 57623,
				"grid": 24
			},
			"attrs": [],
			"properties": {
				"id": 117,
				"order": 25,
				"prevSize": 24,
				"code": 57623,
				"name": "cross"
			},
			"setIdx": 7,
			"setId": 3,
			"iconIdx": 117
		},
		{
			"icon": {
				"paths": [
					"M128 213.333h768q17.667 0 30.167 12.5t12.5 30.167-12.5 30.167-30.167 12.5h-768q-17.667 0-30.167-12.5t-12.5-30.167 12.5-30.167 30.167-12.5zM128 725.333h768q17.667 0 30.167 12.5t12.5 30.167-12.5 30.167-30.167 12.5h-768q-17.667 0-30.167-12.5t-12.5-30.167 12.5-30.167 30.167-12.5zM128 469.333h768q17.667 0 30.167 12.5t12.5 30.167-12.5 30.167-30.167 12.5h-768q-17.667 0-30.167-12.5t-12.5-30.167 12.5-30.167 30.167-12.5z"
				],
				"attrs": [],
				"isMulticolor": false,
				"tags": [
					"menu"
				],
				"defaultCode": 57632,
				"grid": 24
			},
			"attrs": [],
			"properties": {
				"id": 120,
				"order": 51,
				"prevSize": 24,
				"code": 57632,
				"name": "menu"
			},
			"setIdx": 7,
			"setId": 3,
			"iconIdx": 120
		},
		{
			"icon": {
				"paths": [
					"M512 42.667q17.667 0 30.167 12.5t12.5 30.167v494.333l140.333-140.667q12.333-12.333 30.333-12.333 18.333 0 30.5 12.167t12.167 30.5q0 18-12.333 30.333l-213.333 213.333q-12.333 12.333-30.333 12.333t-30.333-12.333l-213.333-213.333q-12.333-13-12.333-30.333 0-17.667 12.5-30.167t30.167-12.5q18 0 30.333 12.333l140.333 140.667v-494.333q0-17.667 12.5-30.167t30.167-12.5zM938.667 640q17.667 0 30.167 12.5t12.5 30.167v170.667q0 53.333-37 90.333-37.667 37.667-90 37.667h-683.667q-52.333 0-90.667-37.333-37.333-38.333-37.333-90.667v-170.667q0-17.667 12.5-30.167t30.167-12.5 30.167 12.5 12.5 30.167v170.667q0 17.667 12.5 30.167t30.167 12.5h683.667q17.333 0 29.5-12.5t12.167-30.167v-170.667q0-17.667 12.5-30.167t30.167-12.5z"
				],
				"attrs": [],
				"isMulticolor": false,
				"tags": [
					"inbox"
				],
				"defaultCode": 57634,
				"grid": 24
			},
			"attrs": [],
			"properties": {
				"id": 122,
				"order": 50,
				"prevSize": 24,
				"code": 57634,
				"name": "inbox"
			},
			"setIdx": 7,
			"setId": 3,
			"iconIdx": 122
		},
		{
			"icon": {
				"paths": [
					"M146.286 822.857v109.714q0 8-5.143 13.143t-13.143 5.143h-109.714q-8 0-13.143-5.143t-5.143-13.143v-109.714q0-8 5.143-13.143t13.143-5.143h109.714q8 0 13.143 5.143t5.143 13.143zM365.714 749.714v182.857q0 8-5.143 13.143t-13.143 5.143h-109.714q-8 0-13.143-5.143t-5.143-13.143v-182.857q0-8 5.143-13.143t13.143-5.143h109.714q8 0 13.143 5.143t5.143 13.143zM585.143 603.429v329.143q0 8-5.143 13.143t-13.143 5.143h-109.714q-8 0-13.143-5.143t-5.143-13.143v-329.143q0-8 5.143-13.143t13.143-5.143h109.714q8 0 13.143 5.143t5.143 13.143zM804.571 384v548.571q0 8-5.143 13.143t-13.143 5.143h-109.714q-8 0-13.143-5.143t-5.143-13.143v-548.571q0-8 5.143-13.143t13.143-5.143h109.714q8 0 13.143 5.143t5.143 13.143zM1024 91.429v841.143q0 8-5.143 13.143t-13.143 5.143h-109.714q-8 0-13.143-5.143t-5.143-13.143v-841.143q0-8 5.143-13.143t13.143-5.143h109.714q8 0 13.143 5.143t5.143 13.143z"
				],
				"width": 1023.9999914169312,
				"attrs": [],
				"isMulticolor": false,
				"tags": [
					"signal"
				],
				"defaultCode": 61458,
				"grid": 14
			},
			"attrs": [],
			"properties": {
				"id": 17,
				"order": 66,
				"name": "signal",
				"prevSize": 28,
				"code": 61458
			},
			"setIdx": 5,
			"setId": 7,
			"iconIdx": 17
		},
		{
			"icon": {
				"paths": [
					"M585.143 512q0-60.571-42.857-103.429t-103.429-42.857-103.429 42.857-42.857 103.429 42.857 103.429 103.429 42.857 103.429-42.857 42.857-103.429zM877.714 449.714v126.857q0 6.857-4.571 13.143t-11.429 7.429l-105.714 16q-10.857 30.857-22.286 52 20 28.571 61.143 78.857 5.714 6.857 5.714 14.286t-5.143 13.143q-15.429 21.143-56.571 61.714t-53.714 40.571q-6.857 0-14.857-5.143l-78.857-61.714q-25.143 13.143-52 21.714-9.143 77.714-16.571 106.286-4 16-20.571 16h-126.857q-8 0-14-4.857t-6.571-12.286l-16-105.143q-28-9.143-51.429-21.143l-80.571 61.143q-5.714 5.143-14.286 5.143-8 0-14.286-6.286-72-65.143-94.286-96-4-5.714-4-13.143 0-6.857 4.571-13.143 8.571-12 29.143-38t30.857-40.286q-15.429-28.571-23.429-56.571l-104.571-15.429q-7.429-1.143-12-7.143t-4.571-13.429v-126.857q0-6.857 4.571-13.143t10.857-7.429l106.286-16q8-26.286 22.286-52.571-22.857-32.571-61.143-78.857-5.714-6.857-5.714-13.714 0-5.714 5.143-13.143 14.857-20.571 56.286-61.429t54-40.857q7.429 0 14.857 5.714l78.857 61.143q25.143-13.143 52-21.714 9.143-77.714 16.571-106.286 4-16 20.571-16h126.857q8 0 14 4.857t6.571 12.286l16 105.143q28 9.143 51.429 21.143l81.143-61.143q5.143-5.143 13.714-5.143 7.429 0 14.286 5.714 73.714 68 94.286 97.143 4 4.571 4 12.571 0 6.857-4.571 13.143-8.571 12-29.143 38t-30.857 40.286q14.857 28.571 23.429 56l104.571 16q7.429 1.143 12 7.143t4.571 13.429z"
				],
				"width": 877.7160930633545,
				"attrs": [],
				"isMulticolor": false,
				"tags": [
					"cog",
					"gear"
				],
				"defaultCode": 61459,
				"grid": 14
			},
			"attrs": [],
			"properties": {
				"id": 18,
				"order": 65,
				"name": "cog, gear",
				"prevSize": 28,
				"code": 61459
			},
			"setIdx": 5,
			"setId": 7,
			"iconIdx": 18
		},
		{
			"icon": {
				"paths": [
					"M804.571 566.857v274.286q0 14.857-10.857 25.714t-25.714 10.857h-219.429v-219.429h-146.286v219.429h-219.429q-14.857 0-25.714-10.857t-10.857-25.714v-274.286q0-0.571 0.286-1.714t0.286-1.714l328.571-270.857 328.571 270.857q0.571 1.143 0.571 3.429zM932 527.429l-35.429 42.286q-4.571 5.143-12 6.286h-1.714q-7.429 0-12-4l-395.429-329.714-395.429 329.714q-6.857 4.571-13.714 4-7.429-1.143-12-6.286l-35.429-42.286q-4.571-5.714-4-13.429t6.286-12.286l410.857-342.286q18.286-14.857 43.429-14.857t43.429 14.857l139.429 116.571v-111.429q0-8 5.143-13.143t13.143-5.143h109.714q8 0 13.143 5.143t5.143 13.143v233.143l125.143 104q5.714 4.571 6.286 12.286t-4 13.429z"
				],
				"width": 950.8578853607178,
				"attrs": [],
				"isMulticolor": false,
				"tags": [
					"home"
				],
				"defaultCode": 61461,
				"grid": 14
			},
			"attrs": [],
			"properties": {
				"id": 20,
				"order": 64,
				"name": "home",
				"prevSize": 28,
				"code": 61461
			},
			"setIdx": 5,
			"setId": 7,
			"iconIdx": 20
		},
		{
			"icon": {
				"paths": [
					"M182.857 146.286q0 41.143-36.571 62.857v723.429q0 7.429-5.429 12.857t-12.857 5.429h-36.571q-7.429 0-12.857-5.429t-5.429-12.857v-723.429q-36.571-21.714-36.571-62.857 0-30.286 21.429-51.714t51.714-21.429 51.714 21.429 21.429 51.714zM1024 182.857v436q0 14.286-7.143 22t-22.571 15.714q-122.857 66.286-210.857 66.286-34.857 0-70.571-12.571t-62-27.429-66-27.429-81.429-12.571q-109.714 0-265.143 83.429-9.714 5.143-18.857 5.143-14.857 0-25.714-10.857t-10.857-25.714v-424q0-18.286 17.714-31.429 12-8 45.143-24.571 134.857-68.571 240.571-68.571 61.143 0 114.286 16.571t125.143 50.286q21.714 10.857 50.286 10.857 30.857 0 67.143-12t62.857-26.857 50.286-26.857 31.143-12q14.857 0 25.714 10.857t10.857 25.714z"
				],
				"width": 1060.5730590820312,
				"attrs": [],
				"isMulticolor": false,
				"tags": [
					"flag"
				],
				"defaultCode": 61476,
				"grid": 14
			},
			"attrs": [],
			"properties": {
				"id": 33,
				"order": 63,
				"name": "flag2",
				"prevSize": 28,
				"code": 61476
			},
			"setIdx": 5,
			"setId": 7,
			"iconIdx": 33
		},
		{
			"icon": {
				"width": 951,
				"paths": [
					"M950.857 369.714q0 12.571-14.857 27.429l-207.429 202.286 49.143 285.714q0.571 4 0.571 11.429 0 12-6 20.286t-17.429 8.286q-10.857 0-22.857-6.857l-256.571-134.857-256.571 134.857q-12.571 6.857-22.857 6.857-12 0-18-8.286t-6-20.286q0-3.429 1.143-11.429l49.143-285.714-208-202.286q-14.286-15.429-14.286-27.429 0-21.143 32-26.286l286.857-41.714 128.571-260q10.857-23.429 28-23.429t28 23.429l128.571 260 286.857 41.714q32 5.143 32 26.286z"
				],
				"attrs": [],
				"isMulticolor": false,
				"tags": [
					"star"
				],
				"defaultCode": 61445,
				"grid": 14
			},
			"attrs": [],
			"properties": {
				"id": 0,
				"order": 17,
				"prevSize": 28,
				"code": 61445,
				"name": "star"
			},
			"setIdx": 6,
			"setId": 6,
			"iconIdx": 0
		},
		{
			"icon": {
				"width": 951,
				"paths": [
					"M649.714 573.714l174.857-169.714-241.143-35.429-108-218.286-108 218.286-241.143 35.429 174.857 169.714-41.714 240.571 216-113.714 215.429 113.714zM950.857 369.714q0 12.571-14.857 27.429l-207.429 202.286 49.143 285.714q0.571 4 0.571 11.429 0 28.571-23.429 28.571-10.857 0-22.857-6.857l-256.571-134.857-256.571 134.857q-12.571 6.857-22.857 6.857-12 0-18-8.286t-6-20.286q0-3.429 1.143-11.429l49.143-285.714-208-202.286q-14.286-15.429-14.286-27.429 0-21.143 32-26.286l286.857-41.714 128.571-260q10.857-23.429 28-23.429t28 23.429l128.571 260 286.857 41.714q32 5.143 32 26.286z"
				],
				"attrs": [],
				"isMulticolor": false,
				"tags": [
					"star-o"
				],
				"defaultCode": 61446,
				"grid": 14
			},
			"attrs": [],
			"properties": {
				"id": 1,
				"order": 49,
				"prevSize": 28,
				"code": 61446,
				"name": "star-o"
			},
			"setIdx": 6,
			"setId": 6,
			"iconIdx": 1
		},
		{
			"icon": {
				"width": 951,
				"paths": [
					"M925.714 233.143q-38.286 56-92.571 95.429 0.571 8 0.571 24 0 74.286-21.714 148.286t-66 142-105.429 120.286-147.429 83.429-184.571 31.143q-154.857 0-283.429-82.857 20 2.286 44.571 2.286 128.571 0 229.143-78.857-60-1.143-107.429-36.857t-65.143-91.143q18.857 2.857 34.857 2.857 24.571 0 48.571-6.286-64-13.143-106-63.714t-42-117.429v-2.286q38.857 21.714 83.429 23.429-37.714-25.143-60-65.714t-22.286-88q0-50.286 25.143-93.143 69.143 85.143 168.286 136.286t212.286 56.857q-4.571-21.714-4.571-42.286 0-76.571 54-130.571t130.571-54q80 0 134.857 58.286 62.286-12 117.143-44.571-21.143 65.714-81.143 101.714 53.143-5.714 106.286-28.571z"
				],
				"attrs": [],
				"isMulticolor": false,
				"tags": [
					"twitter"
				],
				"defaultCode": 61593,
				"grid": 14
			},
			"attrs": [],
			"properties": {
				"id": 4,
				"order": 10,
				"prevSize": 28,
				"code": 61593,
				"name": "twitter"
			},
			"setIdx": 6,
			"setId": 6,
			"iconIdx": 4
		},
		{
			"icon": {
				"width": 877.7142857142858,
				"paths": [
					"M877.714 512q0 143.429-83.714 258t-216.286 158.571q-15.429 2.857-22.571-4t-7.143-17.143v-120.571q0-55.429-29.714-81.143 32.571-3.429 58.571-10.286t53.714-22.286 46.286-38 30.286-60 11.714-86q0-69.143-45.143-117.714 21.143-52-4.571-116.571-16-5.143-46.286 6.286t-52.571 25.143l-21.714 13.714q-53.143-14.857-109.714-14.857t-109.714 14.857q-9.143-6.286-24.286-15.429t-47.714-22-49.143-7.714q-25.143 64.571-4 116.571-45.143 48.571-45.143 117.714 0 48.571 11.714 85.714t30 60 46 38.286 53.714 22.286 58.571 10.286q-22.857 20.571-28 58.857-12 5.714-25.714 8.571t-32.571 2.857-37.429-12.286-31.714-35.714q-10.857-18.286-27.714-29.714t-28.286-13.714l-11.429-1.714q-12 0-16.571 2.571t-2.857 6.571 5.143 8 7.429 6.857l4 2.857q12.571 5.714 24.857 21.714t18 29.143l5.714 13.143q7.429 21.714 25.143 35.143t38.286 17.143 39.714 4 31.714-2l13.143-2.286q0 21.714 0.286 50.857t0.286 30.857q0 10.286-7.429 17.143t-22.857 4q-132.571-44-216.286-158.571t-83.714-258q0-119.429 58.857-220.286t159.714-159.714 220.286-58.857 220.286 58.857 159.714 159.714 58.857 220.286z"
				],
				"attrs": [],
				"isMulticolor": false,
				"tags": [
					"github"
				],
				"defaultCode": 61595,
				"grid": 14
			},
			"attrs": [],
			"properties": {
				"id": 6,
				"order": 11,
				"prevSize": 28,
				"code": 61595,
				"name": "github"
			},
			"setIdx": 6,
			"setId": 6,
			"iconIdx": 6
		},
		{
			"icon": {
				"width": 951,
				"paths": [
					"M146.286 768q0-14.857-10.857-25.714t-25.714-10.857q-15.429 0-26 10.857t-10.571 25.714q0 15.429 10.571 26t26 10.571q14.857 0 25.714-10.571t10.857-26zM237.714 475.429v365.714q0 14.857-10.857 25.714t-25.714 10.857h-164.571q-14.857 0-25.714-10.857t-10.857-25.714v-365.714q0-14.857 10.857-25.714t25.714-10.857h164.571q14.857 0 25.714 10.857t10.857 25.714zM914.286 475.429q0 49.143-31.429 85.143 8.571 25.143 8.571 43.429 1.714 43.429-24.571 78.286 9.714 32 0 66.857-8.571 32.571-30.857 53.714 5.143 64-28 103.429-36.571 43.429-112.571 44.571h-73.714q-37.714 0-82.286-8.857t-69.429-16.571-68.857-22.571q-70.286-24.571-90.286-25.143-14.857-0.571-25.714-11.143t-10.857-25.429v-366.286q0-14.286 10.286-24.857t24.571-11.714q13.714-1.143 43.429-33.714t57.714-69.143q38.857-49.714 57.714-68.571 10.286-10.286 17.714-27.429t10-27.714 7.714-34.571q4-22.286 7.143-34.857t11.143-29.714 19.429-28.571q10.857-10.857 25.714-10.857 26.286 0 47.143 6t34.286 14.857 22.857 23.143 13.714 25.714 6.857 28.571 2.857 25.714 0.286 22.286q0 21.714-5.429 43.429t-10.857 34.286-15.714 32q-1.714 3.429-5.714 10.286t-6.286 12.571-4.571 13.714h158.286q44.571 0 77.143 32.571t32.571 77.143z"
				],
				"attrs": [],
				"isMulticolor": false,
				"tags": [
					"thumbs-up"
				],
				"defaultCode": 61796,
				"grid": 14
			},
			"attrs": [],
			"properties": {
				"id": 9,
				"order": 15,
				"prevSize": 28,
				"code": 61796,
				"name": "thumbs-up"
			},
			"setIdx": 6,
			"setId": 6,
			"iconIdx": 9
		},
		{
			"icon": {
				"width": 951,
				"paths": [
					"M146.286 329.143q0 14.857-10.857 25.714t-25.714 10.857q-15.429 0-26-10.857t-10.571-25.714q0-15.429 10.571-26t26-10.571q14.857 0 25.714 10.571t10.857 26zM237.714 621.714v-365.714q0-14.857-10.857-25.714t-25.714-10.857h-164.571q-14.857 0-25.714 10.857t-10.857 25.714v365.714q0 14.857 10.857 25.714t25.714 10.857h164.571q14.857 0 25.714-10.857t10.857-25.714zM882.857 536.571q31.429 34.857 31.429 85.143-0.571 44.571-32.857 77.143t-76.857 32.571h-158.286q2.286 8 4.571 13.714t6.286 12.571 5.714 10.286q10.286 21.143 15.429 32.571t10.857 33.429 5.714 43.714q0 13.714-0.286 22.286t-2.857 25.714-6.857 28.571-13.714 25.714-22.857 23.143-34.286 14.857-47.143 6q-14.857 0-25.714-10.857-11.429-11.429-19.429-28.571t-11.143-29.714-7.143-34.857q-5.143-24-7.714-34.571t-10-27.714-17.714-27.429q-18.857-18.857-57.714-68.571-28-36.571-57.714-69.143t-43.429-33.714q-14.286-1.143-24.571-11.714t-10.286-24.857v-366.286q0-14.857 10.857-25.429t25.714-11.143q20-0.571 90.286-25.143 44-14.857 68.857-22.571t69.429-16.571 82.286-8.857h73.714q76 1.143 112.571 44.571 33.143 39.429 28 103.429 22.286 21.143 30.857 53.714 9.714 34.857 0 66.857 26.286 34.857 24.571 78.286 0 18.286-8.571 43.429z"
				],
				"attrs": [],
				"isMulticolor": false,
				"tags": [
					"thumbs-down"
				],
				"defaultCode": 61797,
				"grid": 14
			},
			"attrs": [],
			"properties": {
				"id": 10,
				"order": 16,
				"prevSize": 28,
				"code": 61797,
				"name": "thumbs-down"
			},
			"setIdx": 6,
			"setId": 6,
			"iconIdx": 10
		},
		{
			"icon": {
				"width": 805,
				"paths": [
					"M530.286 800.571v86.286l-404 0.571v-86.286zM668 602.857v400.571l-0.571 20v0.571l-667.429-0.571v-420.571h69.143v353.143h530.286v-353.143h68.571zM137.714 653.143l402.286 37.143-7.429 85.714-402.857-37.143zM176.571 472.571l390.286 104.571-22.286 83.429-390.286-104.571zM269.714 273.143l348 205.714-44 74.286-348-205.714zM475.429 84l227.429 334.286-70.857 48.571-228-333.714zM734.286 0l69.143 398.286-85.143 14.857-69.143-398.286z"
				],
				"attrs": [],
				"isMulticolor": false,
				"tags": [
					"stack-overflow"
				],
				"defaultCode": 61804,
				"grid": 14
			},
			"attrs": [],
			"properties": {
				"id": 11,
				"order": 9,
				"prevSize": 28,
				"code": 61804,
				"name": "stack-overflow"
			},
			"setIdx": 6,
			"setId": 6,
			"iconIdx": 11
		},
		{
			"icon": {
				"width": 585,
				"paths": [
					"M539.429 759.429l45.714 135.429q-13.143 20-63.429 37.714t-101.143 18.286q-59.429 1.143-108.857-14.857t-81.429-42.286-54.286-60.571-31.714-68.571-9.429-67.429v-310.857h-96v-122.857q41.143-14.857 73.714-39.714t52-51.429 33.143-58.286 19.429-56.571 8.571-50.571q0.571-2.857 2.571-4.857t4.286-2h139.429v242.286h190.286v144h-190.857v296q0 17.143 3.714 32t12.857 30 28.286 23.714 46.571 8q44.571-1.143 76.571-16.571z"
				],
				"attrs": [],
				"isMulticolor": false,
				"tags": [
					"tumblr"
				],
				"defaultCode": 61811,
				"grid": 14
			},
			"attrs": [],
			"properties": {
				"id": 12,
				"order": 8,
				"prevSize": 28,
				"code": 61811,
				"name": "tumblr"
			},
			"setIdx": 6,
			"setId": 6,
			"iconIdx": 12
		},
		{
			"icon": {
				"width": 805,
				"paths": [
					"M796 694.286q-22.286 71.429-70.286 142.857-73.714 112-146.857 112-28 0-80-18.286-49.143-18.286-86.286-18.286-34.857 0-81.143 18.857-46.286 19.429-75.429 19.429-86.857 0-172-148-84-149.143-84-287.429 0-130.286 64.571-213.714 64-82.286 162.286-82.286 41.143 0 101.143 17.143 59.429 17.143 78.857 17.143 25.714 0 81.714-19.429 58.286-19.429 98.857-19.429 68 0 121.714 37.143 29.714 20.571 59.429 57.143-45.143 38.286-65.143 67.429-37.143 53.714-37.143 118.286 0 70.857 39.429 127.429t90.286 72zM581.143 24q0 34.857-16.571 77.714-17.143 42.857-53.143 78.857-30.857 30.857-61.714 41.143-21.143 6.286-59.429 9.714 1.714-85.143 44.571-146.857 42.286-61.143 142.857-84.571 0.571 1.714 1.429 6.286t1.429 6.286q0 2.286 0.286 5.714t0.286 5.714z"
				],
				"attrs": [],
				"isMulticolor": false,
				"tags": [
					"apple"
				],
				"defaultCode": 61817,
				"grid": 14
			},
			"attrs": [],
			"properties": {
				"id": 13,
				"order": 7,
				"prevSize": 28,
				"code": 61817,
				"name": "apple"
			},
			"setIdx": 6,
			"setId": 6,
			"iconIdx": 13
		},
		{
			"icon": {
				"width": 951,
				"paths": [
					"M389.714 574.857v372l-389.714-53.714v-318.286h389.714zM389.714 150.286v376.571h-389.714v-322.857zM950.857 574.857v449.143l-518.286-71.429v-377.714h518.286zM950.857 73.143v453.714h-518.286v-382.286z"
				],
				"attrs": [],
				"isMulticolor": false,
				"tags": [
					"windows"
				],
				"defaultCode": 61818,
				"grid": 14
			},
			"attrs": [],
			"properties": {
				"id": 14,
				"order": 6,
				"prevSize": 28,
				"code": 61818,
				"name": "windows"
			},
			"setIdx": 6,
			"setId": 6,
			"iconIdx": 14
		},
		{
			"icon": {
				"width": 805,
				"paths": [
					"M281.714 276q9.143 0 15.714-6.571t6.571-15.714-6.571-15.714-15.714-6.571-15.429 6.571-6.286 15.714 6.286 15.714 15.429 6.571zM522.857 276q9.143 0 15.429-6.571t6.286-15.714-6.286-15.714-15.429-6.571-15.714 6.571-6.571 15.714 6.571 15.714 15.714 6.571zM58.857 381.143q24 0 41.143 17.143t17.143 41.143v245.714q0 24.571-16.857 41.714t-41.429 17.143-41.714-17.143-17.143-41.714v-245.714q0-24 17.143-41.143t41.714-17.143zM664.571 392v380.571q0 26.286-18.286 44.571t-44 18.286h-42.857v129.714q0 24.571-17.143 41.714t-41.714 17.143-41.714-17.143-17.143-41.714v-129.714h-78.857v129.714q0 24.571-17.143 41.714t-41.714 17.143q-24 0-41.143-17.143t-17.143-41.714l-0.571-129.714h-42.286q-26.286 0-44.571-18.286t-18.286-44.571v-380.571h524.571zM532 160.571q61.143 31.429 97.714 87.714t36.571 123.143h-528.571q0-66.857 36.571-123.143t98.286-87.714l-40.571-74.857q-4-7.429 2.857-11.429 7.429-3.429 11.429 3.429l41.143 75.429q54.286-24 114.857-24t114.857 24l41.143-75.429q4-6.857 11.429-3.429 6.857 4 2.857 11.429zM804.571 439.429v245.714q0 24.571-17.143 41.714t-41.714 17.143q-24 0-41.143-17.143t-17.143-41.714v-245.714q0-24.571 17.143-41.429t41.143-16.857q24.571 0 41.714 16.857t17.143 41.429z"
				],
				"attrs": [],
				"isMulticolor": false,
				"tags": [
					"android"
				],
				"defaultCode": 61819,
				"grid": 14
			},
			"attrs": [],
			"properties": {
				"id": 15,
				"order": 5,
				"prevSize": 28,
				"code": 61819,
				"name": "android"
			},
			"setIdx": 6,
			"setId": 6,
			"iconIdx": 15
		},
		{
			"icon": {
				"paths": [
					"M385.714 733.714q12-19.429 6.286-39.429t-25.714-28.571q-19.429-8-41.714-0.571t-34.286 26.286q-12.571 19.429-7.429 39.143t24.571 28.857 42.571 1.429 35.714-27.143zM439.429 664.571q4.571-7.429 2-15.143t-10-10.571q-8-2.857-16.286 0.286t-12.286 10.571q-9.714 17.714 7.429 25.714 8 2.857 16.571-0.286t12.571-10.571zM538.857 725.714q-25.714 58.286-90.286 85.714t-128 6.857q-61.143-19.429-84.286-72.286t3.714-107.143q26.857-53.143 86.571-79.429t120.286-10.857q63.429 16.571 90.571 68.286t1.429 108.857zM717.143 634.286q-5.143-54.857-50.857-97.143t-119.143-62.286-156.857-12q-127.429 13.143-211.143 80.857t-75.714 151.143q5.143 54.857 50.857 97.143t119.143 62.286 156.857 12q127.429-13.143 211.143-80.857t75.714-151.143zM893.143 636.571q0 38.857-21.143 79.714t-62.286 78.286-96.286 67.143-129.143 47.429-154.571 17.714-157.143-19.143-137.429-53.143-98-86.286-37.143-114q0-65.714 39.714-140t112.857-147.429q96.571-96.571 195.143-134.857t140.857 4q37.143 36.571 11.429 119.429-2.286 8-0.571 11.429t5.714 4 8.286-0.286 7.714-2l3.429-1.143q79.429-33.714 140.571-33.714t87.429 34.857q25.714 36 0 101.714-1.143 7.429-2.571 11.429t2.571 7.143 6.857 4.286 9.714 3.429q32.571 10.286 58.857 26.857t45.714 46.571 19.429 66.571zM850.857 280q24 26.857 31.143 62t-3.714 67.143q-4.571 13.143-16.857 19.429t-25.429 2.286q-13.143-4.571-19.429-16.857t-2.286-25.429q11.429-36-13.714-63.429t-61.143-20q-13.714 2.857-25.714-4.571t-14.286-21.143q-2.857-13.714 4.571-25.429t21.143-14.571q34.286-7.429 68 3.143t57.714 37.429zM954.286 186.857q49.714 54.857 64.286 127.143t-7.714 138q-5.143 15.429-19.429 22.857t-29.714 2.286-22.857-19.429-2.857-29.714q16-46.857 5.714-98.286t-45.714-90.286q-35.429-39.429-84.571-54.571t-98.857-4.857q-16 3.429-29.714-5.429t-17.143-24.857 5.429-29.429 24.857-16.857q70.286-14.857 139.429 6.571t118.857 76.857z"
				],
				"attrs": [],
				"isMulticolor": false,
				"tags": [
					"weibo"
				],
				"defaultCode": 61834,
				"grid": 14
			},
			"attrs": [],
			"properties": {
				"id": 16,
				"order": 4,
				"prevSize": 28,
				"code": 61834,
				"name": "weibo"
			},
			"setIdx": 6,
			"setId": 6,
			"iconIdx": 16
		},
		{
			"icon": {
				"width": 731,
				"paths": [
					"M560.571 765.143q0-14.286-4-28t-8.286-24-15.429-23.714-16.857-20-22-19.714-20.857-16.571-23.714-17.143-20.857-14.857q-9.143-1.143-28-1.143-30.286 0-59.714 4t-61.143 14.286-55.429 26.286-39.143 42.571-15.429 60.286q0 32 13.429 58.286t34.857 43.143 49.714 28.571 57.143 16.571 58 4.857q33.143 0 63.714-7.429t56.571-22.286 41.714-41.714 15.714-62.286zM493.714 274.857q0-33.714-9.714-71.714t-27.429-73.714-48-59.143-66.857-23.429q-24 0-47.143 11.143t-38 30q-26.286 33.714-26.286 91.429 0 26.286 5.714 55.714t18 58.857 29.714 52.857 42.857 38.286 55.143 14.857q21.143 0 44.286-9.429t37.429-24.857q30.286-32 30.286-90.857zM429.714 0h238.286l-78.286 50.286h-75.429q42.857 36 64.571 76t21.714 91.429q0 41.143-14 74t-34 53.143-39.714 37.143-33.714 35.143-14 37.714q0 20.571 18.286 40.286t44 38.857 51.714 42 44.286 59.429 18.286 81.143q0 52-28 98.857-40.571 69.714-119.714 102.571t-170.571 32.857q-75.429 0-140.857-23.714t-98.571-78.571q-20.571-33.714-20.571-74.857 0-46.286 25.429-85.714t67.714-65.714q74.857-46.857 230.857-57.143-18.286-23.429-27.143-42t-8.857-42q0-22.857 12-48.571-26.286 2.286-38.857 2.286-84.571 0-142.571-55.143t-58-139.714q0-46.857 20.571-90.857t56.571-74.857q43.429-37.714 104-56t124.571-18.286z"
				],
				"attrs": [],
				"isMulticolor": false,
				"tags": [
					"google"
				],
				"defaultCode": 61856,
				"grid": 14
			},
			"attrs": [],
			"properties": {
				"id": 18,
				"order": 14,
				"prevSize": 28,
				"code": 61856,
				"name": "google"
			},
			"setIdx": 6,
			"setId": 6,
			"iconIdx": 18
		},
		{
			"icon": {
				"width": 951,
				"paths": [
					"M445.714 269.714q0 34.286-10.857 64.857t-36 52.857-60 22.286q-43.429 0-78.857-32.857t-52.571-77.429-17.143-86.286q0-34.286 10.857-64.857t36-52.857 60-22.286q44 0 79.143 32.857t52.286 77.143 17.143 86.571zM250.286 545.714q0 45.714-24 79.429t-68 33.714q-43.429 0-80.857-31.714t-57.429-76.286-20-86.857q0-45.714 24-79.714t68-34q43.429 0 80.857 31.714t57.429 76.571 20 87.143zM475.429 530.286q67.429 0 145.714 55.714t130.857 135.429 52.571 145.429q0 26.286-9.714 43.714t-27.714 25.714-36.857 11.429-43.429 3.143q-38.857 0-107.143-25.714t-104.286-25.714q-37.714 0-110 25.429t-114.571 25.429q-104.571 0-104.571-83.429 0-49.143 32-109.429t79.714-110 107.143-83.429 110.286-33.714zM612 409.714q-34.857 0-60-22.286t-36-52.857-10.857-64.857q0-42.286 17.143-86.571t52.286-77.143 79.143-32.857q34.857 0 60 22.286t36 52.857 10.857 64.857q0 41.714-17.143 86.286t-52.571 77.429-78.857 32.857zM858.857 350.286q44 0 68 34t24 79.714q0 42.286-20 86.857t-57.429 76.286-80.857 31.714q-44 0-68-33.714t-24-79.429q0-42.286 20-87.143t57.429-76.571 80.857-31.714z"
				],
				"attrs": [],
				"isMulticolor": false,
				"tags": [
					"paw"
				],
				"defaultCode": 61872,
				"grid": 14
			},
			"attrs": [],
			"properties": {
				"id": 19,
				"order": 13,
				"prevSize": 28,
				"code": 61872,
				"name": "paw"
			},
			"setIdx": 6,
			"setId": 6,
			"iconIdx": 19
		},
		{
			"icon": {
				"paths": [
					"M340 865.143q0-57.143-94.286-57.143-90.286 0-90.286 59.429 0 57.714 98.286 57.714 86.286 0 86.286-60zM306.286 433.714q0-34.857-17.143-58.286t-50.857-23.429q-70.857 0-70.857 82.857 0 77.143 70.857 77.143 68 0 68-78.286zM460 248.571v115.429q-20.571 6.857-45.143 12.571 9.143 24.571 9.143 48 0 72.571-41.714 123.714t-112.571 64.286q-22.857 4.571-34 15.429t-11.143 33.143q0 17.714 12.857 29.429t33.143 18.286 44.857 12.571 49.143 14.571 44.857 21.429 33.143 36.571 12.857 56.286q0 173.714-207.429 173.714-39.429 0-74.286-7.143t-66.286-23.429-50-46.857-18.571-72.857q0-94.286 104-128.571v-2.286q-38.286-23.429-38.286-72 0-62.286 36-78.286v-2.286q-41.143-13.714-68.286-62t-27.143-94.571q0-79.429 54.286-132.286t134.286-52.857q54.857 0 101.714 26.857 56 0 124.571-26.857zM641.714 752h-126.857q2.286-25.714 2.286-76.571v-348q0-53.714-2.286-73.143h126.857q-2.286 18.857-2.286 70.857v350.286q0 50.857 2.286 76.571zM985.143 625.143v112q-40.571 22.286-99.429 22.286-35.429 0-61.143-11.429t-40-28.571-22.571-44.571-10.571-52.571-2.286-58.857v-200.571h1.143v-2.286q-4 0-10.857-0.571t-10.286-0.571q-12 0-33.714 3.429v-108.571h54.857v-43.429q0-30.857-3.429-50.857h129.714q-3.429 23.429-3.429 94.286h97.714v108.571q-8.571 0-24.857-1.143t-24.286-1.143h-48.571v208.571q0 74.857 49.714 74.857 34.857 0 62.286-18.857zM656 84q0 33.143-22.286 58t-54.857 24.857q-33.143 0-56-24.857t-22.857-58q0-33.714 22.571-58.857t56.286-25.143q33.143 0 55.143 25.429t22 58.571z"
				],
				"attrs": [],
				"isMulticolor": false,
				"tags": [
					"git"
				],
				"defaultCode": 61907,
				"grid": 14
			},
			"attrs": [],
			"properties": {
				"id": 21,
				"order": 12,
				"prevSize": 28,
				"code": 61907,
				"name": "git"
			},
			"setIdx": 6,
			"setId": 6,
			"iconIdx": 21
		},
		{
			"icon": {
				"width": 731,
				"paths": [
					"M481.143 326.857q0 45.714-32.571 78t-77.714 32.286q-34.286 0-63.429-20-35.429 38.286-65.714 83.429-141.143 212-115.429 490.857 0.571 12.571-7.143 22t-19.714 10.571h-2.857q-11.429 0-20-7.714t-9.714-19.143q-8-72-2-141.429t16.857-124 30.857-106.286 39.429-88.857 42.286-71.429q34.857-51.429 75.429-94.286-9.143-20-9.143-44 0-45.714 32.286-78t78-32.286 78 32.286 32.286 78zM698.857 333.143q0 90.286-44.571 166.857t-121.429 121.143-167.143 44.571q-36.571 0-74.857-8-12-2.857-18.571-13.429t-3.714-22.571q2.857-11.429 13.143-18t22.286-4.286q29.143 7.429 61.714 7.429 55.429 0 106.286-21.714t87.429-58.286 58.286-87.429 21.714-106.286-21.714-106.286-58.286-87.429-87.429-58.286-106.286-21.714-106.286 21.714-87.429 58.286-58.286 87.429-21.714 106.286q0 65.143 29.714 124.571 5.714 11.429 2 22.857t-14.571 17.143-22.571 1.714-17.429-14.857q-36.571-70.286-36.571-151.429 0-68 26.571-129.714t71.143-106.286 106.286-70.857 129.143-26.286q90.286 0 167.143 44.571t121.429 121.429 44.571 167.143z"
				],
				"attrs": [],
				"isMulticolor": false,
				"tags": [
					"tencent-weibo"
				],
				"defaultCode": 61909,
				"grid": 14
			},
			"attrs": [],
			"properties": {
				"id": 22,
				"order": 2,
				"prevSize": 28,
				"code": 61909,
				"name": "tencent-weibo"
			},
			"setIdx": 6,
			"setId": 6,
			"iconIdx": 22
		},
		{
			"icon": {
				"paths": [
					"M154.286 460.571q-4.571-10.857-4.571-29.714 0-11.429 6.286-28t13.714-25.714q-0.571-12.571 4.286-30.286t12.857-24.571q0-79.429 52.857-164.857t124.286-119.714q79.429-37.714 185.143-37.714 76 0 152 31.429 28 12 51.429 27.429t40.571 32 31.429 38.857 24 42.286 18.571 48.286 14.571 51.143 12.571 56l0.571 2.857q31.429 47.429 31.429 85.714 0 8-5.143 22.857t-5.143 21.714q0 0.571 0.857 2t2 2.857 1.143 2q44 65.143 68.857 122.571t24.857 119.143q0 24.571-11.143 57.143t-31.714 32.571q-5.143 0-11.143-4.286t-10.857-10-10.857-14.857-9.143-15.143-7.714-14.857-5.143-10q-0.571-0.571-1.714-0.571l-2.857 2.286q-33.714 88-75.429 127.429 11.429 11.429 35.143 22t39.429 23.714 20.286 37.143q-1.143 2.286-2.286 9.143t-4 10.286q-36.571 55.429-172.571 55.429-30.286 0-63.143-5.143t-56-11.429-59.714-17.143q-8.571-2.857-13.143-4-8-2.286-26.286-2.571t-22.857-0.857q-23.429 25.714-72.857 37.143t-96.286 11.429q-20 0-39.429-0.857t-53.143-5.143-57.714-11.714-42.571-22.857-18.571-36.571q0-22.857 5.714-34t23.429-27.714q6.286-1.143 23.143-7.429t28.286-6.857q2.286 0 8-1.143 1.143-1.143 1.143-2.286l-1.143-1.714q-27.429-6.286-61.714-60.286t-41.714-89.429l-2.857-1.714q-2.286 0-6.857 11.429-10.286 23.429-31.143 42.571t-44.286 21.429h-0.571q-2.286 0-3.429-2.571t-2.857-3.143q-13.143-30.857-13.143-57.143 0-157.143 144-266.286z"
				],
				"attrs": [],
				"isMulticolor": false,
				"tags": [
					"qq"
				],
				"defaultCode": 61910,
				"grid": 14
			},
			"attrs": [],
			"properties": {
				"id": 23,
				"order": 1,
				"prevSize": 28,
				"code": 61910,
				"name": "qq"
			},
			"setIdx": 6,
			"setId": 6,
			"iconIdx": 23
		},
		{
			"icon": {
				"width": 1170,
				"paths": [
					"M331.429 263.429q0-23.429-14.286-37.714t-37.714-14.286q-24.571 0-43.429 14.571t-18.857 37.429q0 22.286 18.857 36.857t43.429 14.571q23.429 0 37.714-14t14.286-37.429zM756 553.143q0-16-14.571-28.571t-37.429-12.571q-15.429 0-28.286 12.857t-12.857 28.286q0 16 12.857 28.857t28.286 12.857q22.857 0 37.429-12.571t14.571-29.143zM621.143 263.429q0-23.429-14-37.714t-37.429-14.286q-24.571 0-43.429 14.571t-18.857 37.429q0 22.286 18.857 36.857t43.429 14.571q23.429 0 37.429-14t14-37.429zM984 553.143q0-16-14.857-28.571t-37.143-12.571q-15.429 0-28.286 12.857t-12.857 28.286q0 16 12.857 28.857t28.286 12.857q22.286 0 37.143-12.571t14.857-29.143zM832 326.286q-17.714-2.286-40-2.286-96.571 0-177.714 44t-127.714 119.143-46.571 164.286q0 44.571 13.143 86.857-20 1.714-38.857 1.714-14.857 0-28.571-0.857t-31.429-3.714-25.429-4-31.143-6-28.571-6l-144.571 72.571 41.143-124.571q-165.714-116-165.714-280 0-96.571 55.714-177.714t150.857-127.714 207.714-46.571q100.571 0 190 37.714t149.714 104.286 78 148.857zM1170.286 646.857q0 66.857-39.143 127.714t-106 110.571l31.429 103.429-113.714-62.286q-85.714 21.143-124.571 21.143-96.571 0-177.714-40.286t-127.714-109.429-46.571-150.857 46.571-150.857 127.714-109.429 177.714-40.286q92 0 173.143 40.286t130 109.714 48.857 150.571z"
				],
				"attrs": [],
				"isMulticolor": false,
				"tags": [
					"wechat",
					"weixin"
				],
				"defaultCode": 61911,
				"grid": 14
			},
			"attrs": [],
			"properties": {
				"id": 24,
				"order": 3,
				"name": "wechat, weixin",
				"prevSize": 28,
				"code": 61911
			},
			"setIdx": 6,
			"setId": 6,
			"iconIdx": 24
		}
	],
	"height": 1024,
	"metadata": {
		"name": "axes"
	},
	"preferences": {
		"showGlyphs": true,
		"showQuickUse": true,
		"showQuickUse2": true,
		"showSVGs": true,
		"fontPref": {
			"prefix": "fa-",
			"metadata": {
				"fontFamily": "axes",
				"majorVersion": 1,
				"minorVersion": 0
			},
			"metrics": {
				"emSize": 1024,
				"baseline": 20.25,
				"whitespace": 50
			},
			"embed": false,
			"postfix": "",
			"includeMetadata": false,
			"showSelector": true,
			"selector": "class",
			"classSelector": ".fa",
			"showMetrics": true,
			"showMetadata": false,
			"showVersion": true,
			"cssVars": true,
			"ie7": true,
			"noie8": false
		},
		"imagePref": {
			"prefix": "icon-",
			"png": true,
			"useClassSelector": true,
			"color": 4473924,
			"bgColor": 16777215
		},
		"historySize": 100,
		"showCodes": true
	}
}